<?xml version="1.0"?>
<doc>
    <assembly>
        <name>SqlServer.Rules.Report</name>
    </assembly>
    <members>
        <member name="T:SqlServer.Rules.Report.Properties.Resources">
            <summary>
              A strongly-typed resource class, for looking up localized strings, etc.
            </summary>
        </member>
        <member name="P:SqlServer.Rules.Report.Properties.Resources.ResourceManager">
            <summary>
              Returns the cached ResourceManager instance used by this class.
            </summary>
        </member>
        <member name="P:SqlServer.Rules.Report.Properties.Resources.Culture">
            <summary>
              Overrides the current thread's CurrentUICulture property for all
              resource lookups using this strongly typed resource class.
            </summary>
        </member>
        <member name="P:SqlServer.Rules.Report.Properties.Resources.RulesTransform">
             <summary>
               Looks up a localized string similar to &lt;?xml version=&quot;1.0&quot; encoding=&quot;utf-8&quot;?&gt;
            &lt;xsl:stylesheet version=&quot;1.0&quot; xmlns:xsl=&quot;http://www.w3.org/1999/XSL/Transform&quot;
                xmlns:msxsl=&quot;urn:schemas-microsoft-com:xslt&quot; exclude-result-prefixes=&quot;msxsl&quot;
            &gt;
                &lt;xsl:output method=&quot;html&quot; indent=&quot;yes&quot;/&gt;
            
              &lt;xsl:template match=&quot;/&quot;&gt;
                &lt;html&gt;
                  &lt;head&gt;
                      &lt;style type=&quot;text/css&quot;&gt;
                        @import url(http://fonts.googleapis.com/css?family=Roboto:400,500,700,300,100);
            
                        body {
                        background-color: #3e94ec;
                        fon [rest of string was truncated]&quot;;.
             </summary>
        </member>
    </members>
</doc>
