<?xml version="1.0"?>
<doc>
    <assembly>
        <name>RevEng.Core.90</name>
    </assembly>
    <members>
        <member name="M:Microsoft.EntityFrameworkCore.SqlServer.Scaffolding.Internal.PatchedSqlServerDatabaseModelFactory.#ctor(Microsoft.EntityFrameworkCore.Diagnostics.IDiagnosticsLogger{Microsoft.EntityFrameworkCore.DbLoggerCategory.Scaffolding},Microsoft.EntityFrameworkCore.Storage.IRelationalTypeMappingSource,RevEng.Common.ReverseEngineerCommandOptions)">
            <summary>
                This is an internal API that supports the Entity Framework Core infrastructure and not subject to
                the same compatibility standards as public APIs. It may be changed or removed without notice in
                any release. You should only use it directly in your code with extreme caution and knowing that
                doing so can result in application failures when updating to a new Entity Framework Core release.
            </summary>
        </member>
        <member name="M:Microsoft.EntityFrameworkCore.SqlServer.Scaffolding.Internal.PatchedSqlServerDatabaseModelFactory.Create(System.String,Microsoft.EntityFrameworkCore.Scaffolding.DatabaseModelFactoryOptions)">
            <summary>
                This is an internal API that supports the Entity Framework Core infrastructure and not subject to
                the same compatibility standards as public APIs. It may be changed or removed without notice in
                any release. You should only use it directly in your code with extreme caution and knowing that
                doing so can result in application failures when updating to a new Entity Framework Core release.
            </summary>
        </member>
        <member name="M:Microsoft.EntityFrameworkCore.SqlServer.Scaffolding.Internal.PatchedSqlServerDatabaseModelFactory.Create(System.Data.Common.DbConnection,Microsoft.EntityFrameworkCore.Scaffolding.DatabaseModelFactoryOptions)">
            <summary>
                This is an internal API that supports the Entity Framework Core infrastructure and not subject to
                the same compatibility standards as public APIs. It may be changed or removed without notice in
                any release. You should only use it directly in your code with extreme caution and knowing that
                doing so can result in application failures when updating to a new Entity Framework Core release.
            </summary>
        </member>
    </members>
</doc>
