<?xml version="1.0"?>
<doc>
    <assembly>
        <name>RevEng.Common</name>
    </assembly>
    <members>
        <member name="M:RevEng.Common.Cli.CliConfigMapper.ValidateExcludedColumns(RevEng.Common.Cli.Configuration.CliConfig,System.Collections.Generic.List{RevEng.Common.TableModel})">
            <summary>
            Ensures that any excluded columns for tables are not required. Removes the invalid columns from the list.
            </summary>
            <param name="config">Configuration to Validate.</param>
            <param name="objects">Table Models to check against.</param>
        </member>
        <member name="T:RevEng.Common.ColumnModel">
            <summary>
            A class holding information about database objects.
            </summary>
        </member>
        <member name="P:RevEng.Common.ColumnModel.Name">
            <summary>
            Gets or sets the table name.
            </summary>
        </member>
        <member name="P:RevEng.Common.ColumnModel.StoreType">
            <summary>
            Gets or sets the store type name.
            </summary>
        </member>
        <member name="P:RevEng.Common.ColumnModel.IsPrimaryKey">
            <summary>
            Gets or sets a value indicating whether a primary key exists for the table or not.
            </summary>
        </member>
        <member name="P:RevEng.Common.ColumnModel.IsForeignKey">
            <summary>
            Gets or sets a value indicating whether a foreign key exists for the table or not.
            </summary>
        </member>
        <member name="T:RevEng.Common.SerializationTableModel">
            <summary>
            A class holding information about database objects.
            </summary>
        </member>
        <member name="P:RevEng.Common.SerializationTableModel.Name">
            <summary>
            Gets or sets the table name.
            </summary>
        </member>
        <member name="P:RevEng.Common.SerializationTableModel.ObjectType">
            <summary>
            Gets or sets the object type.
            </summary>
        </member>
        <member name="P:RevEng.Common.SerializationTableModel.ExcludedColumns">
            <summary>
            Gets or sets the columns excluded from reverse engineering.
            </summary>
        </member>
        <member name="P:RevEng.Common.SerializationTableModel.ExcludedIndexes">
            <summary>
            Gets or sets the indexes excluded from reverse engineering.
            </summary>
        </member>
        <member name="P:RevEng.Common.SerializationTableModel.UseLegacyResultSetDiscovery">
            <summary>
            Gets or sets a value indicating whether to exclude table from default result set discovery.
            </summary>
        </member>
        <member name="P:RevEng.Common.SerializationTableModel.MappedType">
            <summary>
            Gets or sets a map type to an existing DbSet.
            </summary>
        </member>
        <member name="T:RevEng.Common.TableModel">
            <summary>
            A class holding schema information about database objects.
            </summary>
        </member>
        <member name="P:RevEng.Common.TableModel.DisplayName">
            <summary>
            Gets the database object display name.
            </summary>
        </member>
        <member name="P:RevEng.Common.TableModel.Name">
            <summary>
            Gets or sets the name.
            </summary>
        </member>
        <member name="P:RevEng.Common.TableModel.Schema">
            <summary>
            Gets or sets the schema (can be null).
            </summary>
        </member>
        <member name="P:RevEng.Common.TableModel.ObjectType">
            <summary>
            Gets or sets the object type.
            </summary>
        </member>
        <member name="P:RevEng.Common.TableModel.Columns">
            <summary>
            Gets or sets the columns.
            </summary>
        </member>
        <member name="P:RevEng.Common.TableModel.DatabaseType">
            <summary>
            Gets the database type.
            </summary>
        </member>
    </members>
</doc>
