<?xml version="1.0"?>
<doc>
    <assembly>
        <name>RevEng.Core.100</name>
    </assembly>
    <members>
        <member name="M:RevEng.Core.DataverseModelFactoryExtension.TryCreate(System.Data.Common.DbConnection,RevEng.Core.DataverseModelFactoryExtension@)">
            <summary>
            Checks if the connection is for a Dataverse instance and creates a new <see cref="T:RevEng.Core.DataverseModelFactoryExtension"/>
            if so.
            </summary>
            <param name="connection">The database connection to use to connect to Dataverse.</param>
            <param name="dataverse">Set to a new <see cref="T:RevEng.Core.DataverseModelFactoryExtension"/> if the <paramref name="connection"/> represents a connection to a Dataverse TDS Endpoint.</param>
            <returns><see langword="true"/> if the <paramref name="connection"/> represents a connection to a Dataverse TDS Endpoint, or <see langword="false"/> otherwise.</returns>
        </member>
        <member name="M:RevEng.Core.DataverseModelFactoryExtension.GetDataverseMetadata(System.Collections.Generic.List{Microsoft.EntityFrameworkCore.Scaffolding.Metadata.DatabaseTable})">
            <summary>
            Updates the <paramref name="tables"/> with metadata from the Dataverse instance.
            </summary>
            <param name="tables">The table definitions that have already been loaded from the Dataverse TDS Endpoint.</param>
        </member>
        <member name="M:Microsoft.EntityFrameworkCore.SqlServer.Scaffolding.Internal.PatchedSqlServerDatabaseModelFactory.#ctor(Microsoft.EntityFrameworkCore.Diagnostics.IDiagnosticsLogger{Microsoft.EntityFrameworkCore.DbLoggerCategory.Scaffolding},Microsoft.EntityFrameworkCore.Storage.IRelationalTypeMappingSource,RevEng.Common.ReverseEngineerCommandOptions)">
            <summary>
                This is an internal API that supports the Entity Framework Core infrastructure and not subject to
                the same compatibility standards as public APIs. It may be changed or removed without notice in
                any release. You should only use it directly in your code with extreme caution and knowing that
                doing so can result in application failures when updating to a new Entity Framework Core release.
            </summary>
        </member>
        <member name="M:Microsoft.EntityFrameworkCore.SqlServer.Scaffolding.Internal.PatchedSqlServerDatabaseModelFactory.Create(System.String,Microsoft.EntityFrameworkCore.Scaffolding.DatabaseModelFactoryOptions)">
            <summary>
                This is an internal API that supports the Entity Framework Core infrastructure and not subject to
                the same compatibility standards as public APIs. It may be changed or removed without notice in
                any release. You should only use it directly in your code with extreme caution and knowing that
                doing so can result in application failures when updating to a new Entity Framework Core release.
            </summary>
        </member>
        <member name="M:Microsoft.EntityFrameworkCore.SqlServer.Scaffolding.Internal.PatchedSqlServerDatabaseModelFactory.Create(System.Data.Common.DbConnection,Microsoft.EntityFrameworkCore.Scaffolding.DatabaseModelFactoryOptions)">
            <summary>
                This is an internal API that supports the Entity Framework Core infrastructure and not subject to
                the same compatibility standards as public APIs. It may be changed or removed without notice in
                any release. You should only use it directly in your code with extreme caution and knowing that
                doing so can result in application failures when updating to a new Entity Framework Core release.
            </summary>
        </member>
    </members>
</doc>
